name,price,img
,900 руб.,
Джинсы женские утепленные Hao Di HD99-800 ,990 руб.,/upload/iblock/a8a/a8a382b3b54d28e95413df2744bfd216.jpg
Джинсы женские утепленные HDL 306 ,900 руб.,/upload/iblock/c0f/c0fc9902cf877e9e6e37dbd945c12b85.jpg
Джинсы женские утепленные HDL 318 ,900 руб.,/upload/iblock/f0d/f0d115dfe5195de4fbee49e2af25b817.jpg
,400 руб.,
Джинсы женские утепленные Hao Di HD99-805 ,990 руб.,/upload/iblock/c98/c98c2804069a961ea1de0e9f57620afd.jpg
,1 050 руб.,
,720 руб.,
,560 руб.,
,1 400 руб.,
,560 руб.,
Джинсы женские утепленные HDL 312 ,900 руб.,/upload/iblock/af4/af4e2c38bf7df8d714010477d5f6734c.jpg
Джинсы женские утепленные HDL 305 ,900 руб.,/upload/iblock/982/982a7e0dfaec5b7930a2774c9bcb1069.jpg
Джинсы женские утепленные Rajojo F066-2 ,990 руб.,/upload/iblock/bdb/bdbc2d1c6a5e7b6fad5f0d22debfb33f.jpg
Джинсы женские утепленные Hao Di HD99-802 ,990 руб.,/upload/iblock/499/4990fec9c448584558159e41c6758baa.jpg
Джинсы женские утепленные JSTH 301 ,900 руб.,/upload/iblock/137/13795f76f2c359e7cce5954098c041be.jpg
,1 950 руб.,
Джинсы женские утепленные Roxvivi RX-607 ,990 руб.,/upload/iblock/94e/94edea8f1ba7517e5cc200601e7474c2.jpg
Джинсы женские утепленные Roxvivi RX-613 ,990 руб.,/upload/iblock/ead/ead01e8dd0c18c49b62e066bb9fa1678.jpg
Джинсы женские утепленные Miss Bon MB-702 ,990 руб.,/upload/iblock/590/5903e4edb1298b618800a6f965205813.jpg
Джинсы женские утепленные Roxvivi RX-611 ,990 руб.,/upload/iblock/474/4748def47f1686321b56cbe4c799ee43.jpg
Джинсы женские Tigerclub 4984 ,400 руб.,/upload/iblock/4db/4db7e13cf26964064c265f50322cac00.jpg
Джинсы женские утепленные Appciauds A-8073 ,960 руб.,/upload/iblock/5fb/5fbe1c3075ee740994818c296862622c.jpg
Джинсы женские утепленные Manguer 8601 ,800 руб.,/upload/iblock/a22/a2258805c728158a3d23e939702a75d1.jpg
Джинсы женские утепленные AZZ 6902 ,920 руб.,/upload/iblock/91c/91ceb5c001fce75eebbe0b7bdb971e3d.jpg
Шорты женские джинсовые Langluka LK0143ADK ,800 руб.,/upload/iblock/583/583d9a04b2895e4238c1aa9ee7e07f33.jpg
Сарафан женский джинсовый Haodi HD99-170 ,1 300 руб.,/upload/iblock/1ee/1ee2fa6dbbce02c271eefca337acfb77.jpg
Джинсы женские утепленные XQL1883 ,960 руб.,/upload/iblock/bb9/bb92da82f09f0d7f2057258194923eb3.jpg
Комбинезон женский джинсовый с шортами Haodi HD99-158 ,1 300 руб.,/upload/iblock/5f1/5f1768d88498a84973b271f07e6a681b.jpg
Комбинезон женский джинсовый Miss Bon MB-426 ,1 400 руб.,/upload/iblock/41c/41c07fd3c16b23868c51d069c73ed8c8.jpg
Джинсы женские утепленные Sesvinan 5908 ,920 руб.,/upload/iblock/7f7/7f7133922c7d1cf2ef9b6c8426108258.jpg
Джинсы женские утепленные Miss Bon MB-701 ,990 руб.,/upload/iblock/348/348c080e3584a11b51c3102eaa1c33a3.jpg
Комбинезон женский джинсовые с шортами Haodi HD99-159 ,1 300 руб.,/upload/iblock/d6f/d6f49b1975afbae275ddb41f0a018ac8.jpg
Джинсы женские утепленные Langluka LJ1387CFH ,960 руб.,/upload/iblock/288/288244f287f5213f5edc0ffab5034a1a.jpg
Комбинезон женский джинсовый Miss Bon MB-423 ,1 400 руб.,/upload/iblock/dbf/dbfedc1c87f9111204bb6ef63490c5a7.jpg
Джинсы женские утепленные TG 0704 ,999 руб.,/upload/iblock/e1e/e1e563db99bf25dd2a88411aa48f7cab.jpg
Джинсы женские утепленные Langluka LJ1399AFH-1 ,960 руб.,/upload/iblock/2aa/2aace9cce2fd5d46fa589164aa1a3e23.jpg
Джинсы женские утепленные Sessanta 3687. ,999 руб.,/upload/iblock/077/077c2fc0074c68f07fe7429542b3195a.jpg
Джинсы женские утепленные GDKZ K-086 ,880 руб.,/upload/iblock/780/780b2d13720cea88c7d469e3d2da68be.jpg
Джинсы женские утепленные Langluka LJ1016-AFH ,900 руб.,/upload/iblock/b16/b16459f684038ff30248f88b010de342.jpg
Джинсы женские утепленные Roxvivi RX-609 ,990 руб.,/upload/iblock/650/650cc3af43fdb6693fa02993cb039e6e.jpg
Джинсы женские утепленные Langluka LJ1390BFH ,960 руб.,/upload/iblock/27d/27d825a4fccbde0fefbab53b2c46a4fe.jpg
Шорты женские джинсовые Langluka X1630DK ,790 руб.,/upload/iblock/728/72841311ce780c641ad33cb4732d28f7.jpg
Джинсы женские утепленные Langluka LJ1203AFH ,800 руб.,/upload/iblock/bf2/bf259638de67fb749f4651bf09348e2a.jpg
Джинсы женские утепленные KK K-620 ,999 руб.,/upload/iblock/13c/13ce7dba9e6fface33d9279537a8b901.jpg
Джинсы женские утепленные Langluka X1747-1F ,960 руб.,/upload/iblock/67c/67ce6de510694b0783b55510577b6188.jpg
Джинсы женские утепленные Roxvivi RX-605 ,990 руб.,/upload/iblock/fa8/fa8a203d40ca82bf067cbf37a59d6277.jpg
Джинсы женские утепленные Sesvinan 5918 ,920 руб.,/upload/iblock/295/295f20e68a9de4df5722cee3ee793ac7.jpg
Шорты женские джинсовые Langluka X1636DK ,790 руб.,/upload/iblock/463/463d44c978cfec3ed5dc4b06e2f997b9.jpg
Джинсы женские утепленные Cracpot JNS 908 ,960 руб.,/upload/iblock/6ae/6ae910bbf79c0fd9d9c1b5ed86c15503.jpg
Джинсы женские утепленные XQL 011 ,880 руб.,/upload/iblock/05e/05eb4b39d086fe6fc5e4730c05c1c695.jpg
Джинсы женские утепленные Roxvivi RX-602 ,990 руб.,/upload/iblock/8e2/8e2bd4a14a23698647b4826b04862c80.jpg
Джинсы женские утепленные XQL 017 ,880 руб.,/upload/iblock/494/49499f3be8c0ac36e5dc3ad420781cfd.jpg
Джинсы женские утепленные Гodi 957 ,920 руб.,/upload/iblock/8a1/8a15453c01c54978f04ba9fb209553ad.jpg
Джинсы женские утепленные Cracpot JNS 906 ,960 руб.,/upload/iblock/805/805a0a66954deaecabcbaeae34a73dba.jpg
Джинсы женские утепленные Langluka LJ1508BFH ,960 руб.,/upload/iblock/178/1781739a3f37ecbf160b4232cdb19aab.jpg
Джинсы женские утепленные Barbie Coco Q-248 ,999 руб.,/upload/iblock/40f/40fb091b7e97c40a1dc75447f03a7442.jpg
Джинсы женские утепленные Гodi 967 ,920 руб.,/upload/iblock/b28/b2864fe80a33400186fcf21cd1c25054.jpg
Джинсы женские утепленные GDKZ K-081 ,920 руб.,/upload/iblock/11c/11ca0b0851548f917aa48b72a5dfa347.jpg
Джинсы женские утепленные Langluka LJ1500B-7FH ,960 руб.,/upload/iblock/3fa/3faaa8745363b1d44d74732ce0502471.jpg
Джинсы женские утепленные KK K-622 ,999 руб.,/upload/iblock/f23/f237f04363e0101d07ceedbdec4bc7ed.jpg
Бриджи женские джинсовые Rich Berg T9010 ,790 руб.,/upload/iblock/885/885a77d40b6d37eb32532e0f964ccde4.jpg
Джинсы женские утепленные Гodi 956 ,920 руб.,/upload/iblock/359/359db13e25a1146cfec586f50e522bc1.jpg
Шорты женские джинсовые Langluka X1619K ,790 руб.,/upload/iblock/140/140323e8cd400d88462a9d72dfce3ffe.jpg
Джинсы женские утепленные XQL 010 ,960 руб.,/upload/iblock/6d9/6d9e548bd4e819c76f480570caf76a17.jpg
Джинсы женские утепленные GDKZ K-070 ,999 руб.,/upload/iblock/1ef/1efcb370200253c2d6d39cc08818a0b0.jpg
Джинсы женские утепленные Barbie Coco Q-252 ,999 руб.,/upload/iblock/77b/77b78ef27c8bee8a42b57d51f299592e.jpg
Джинсы женские утепленные DHD F-501 ,800 руб.,/upload/iblock/f1b/f1b7099983c86b3f46f29796823ecfd1.jpg
Куртка женская джинсовая Lanmasku 162 ,2 100 руб.,/upload/iblock/088/08801b20ceb1396599bcf40956aea494.jpg
Джинсы женские утепленные GDKZ K-087 ,880 руб.,/upload/iblock/7f1/7f149c203e7598d17a21aa2ff16ce889.jpg
Джинсы женские утепленные XQL 018 ,880 руб.,/upload/iblock/71a/71acd80262cdaef587ad83f31f465580.jpg
Куртка женская джинсовая Blin Luck 9153 ,2 100 руб.,/upload/iblock/c85/c850456749f6fa4592ed21599bc798d9.jpg
Куртка женская джинсовая Lanmasku 161 ,2 100 руб.,/upload/iblock/449/4497333d2d1aabc865f4919717cf3a0e.jpg
Джинсы женские утепленные KK K-623 ,999 руб.,/upload/iblock/cb5/cb59b50d49c345e6044ea86cbbd6b68c.jpg
Шорты женские джинсовые Langluka X1631ADK ,790 руб.,/upload/iblock/a18/a1810cab0ace73baff83b3d66d32a3e5.jpg
Джинсы женские утепленные Langluka LJ1383B-7FH ,960 руб.,/upload/iblock/9e7/9e718e02bae3a74366da6565d58a6185.jpg
Бриджи женские джинсовые Langluka 1596W ,790 руб.,/upload/iblock/364/364704b10d805467f93da98dd064ab2a.jpg
Джинсы женские утепленные Langluka LJ1397EFH ,990 руб.,/upload/iblock/ca2/ca25a71893a0ed906c7d8ed67204f334.jpg
Куртка женская джинсовая Haodi HD99-282S ,1 950 руб.,/upload/iblock/76f/76f407137d16711b58542f977c183f40.jpg
Куртка женская джинсовая Haodi HD99-278S ,1 950 руб.,/upload/iblock/501/50134186834bdc8d07fb64c2a59af3ef.jpg
Куртка женская джинсовая Blin Luck 9152 ,2 100 руб.,/upload/iblock/aa4/aa4793c1c1b57d21a9f230d805d14221.jpg
Куртка женская джинсовая Haodi HD99-281BS ,1 950 руб.,/upload/iblock/3fa/3fa4e3ef73cae97196ee98a07fc31905.jpg
Куртка женская джинсовая DMD D333 ,2 100 руб.,/upload/iblock/ba3/ba3f36e9b6b5ff95bc3c9c3d7d63442a.jpg
Куртка женская джинсовая Rich Berg B-9198 ,1 700 руб.,/upload/iblock/d25/d256e3f32bd48480477fdfb964aa5c89.jpg
Жилет  джинсовый женский Lukaixier M11-2 ,700 руб.,/upload/iblock/56a/56a12c7f357b1823976b144a727f60dd.jpg
Жилет женский джинсовый 04 ,530 руб.,/upload/iblock/757/75777136c83a03c85bb5ca89eea2a0a9.jpg
Джинсы женские утепленные DHD F-505 ,800 руб.,/upload/iblock/fa0/fa001dc7b12a077dfbf1e9be2acfd745.jpg
Куртка женская джинсовая Haodi HD99-242S ,2 000 руб.,/upload/iblock/375/375239ee605c3ba2db6edf408fee3aa2.jpg
Куртка женская джинсовая Lanmasku 160 ,2 100 руб.,/upload/iblock/6b5/6b5eac3bd425c7fbebc4b4fce5dff9c2.jpg
Куртка женская джинсовая Miss Bon MB-441 ,1 450 руб.,/upload/iblock/fd9/fd9b224a68aa0a59b13e5a80edc4c3cf.jpg
Джинсы женские утепленные XQL 012 ,880 руб.,/upload/iblock/ecf/ecfd07a1789e8f1e3ded889339acb7f9.jpg
Джинсы женские утепленные TG 0709 ,999 руб.,/upload/iblock/3a9/3a91d01cc57c39ac96ecc98bc6595c60.jpg
Жилет женский джинсовый Haodi HD99-255BM ,1 300 руб.,/upload/iblock/a28/a282dd344a83570cdc6387315f2e00be.jpg
Пиджак джинсовый женский Haodi HD99-135 ,1 400 руб.,/upload/iblock/9da/9dab947076ee9498ad5e5f5789bdbf4a.jpg
Жилет  джинсовый жен. Vfnver F8067 ,1 400 руб.,/upload/iblock/f2e/f2e51a2ecc9655582e35d6c3527e97a9.jpg
Жилет женский джинсовый YJS YL3052AM ,1 300 руб.,/upload/iblock/6f0/6f00a8a7083a1d32d0dee82713f60c04.jpg
Куртка женская джинсовая Haodi HD99-283BS ,1 950 руб.,/upload/iblock/386/38688cf4bc882dd0cc18e4425ac92e36.jpg
Жилет  джинсовый женский Lukaixier M17-2 ,700 руб.,/upload/iblock/24e/24e7dc0e6502609ca2540502302d0831.jpg
Джинсы женские утепленные Langluka LJ1023-BFH ,990 руб.,/upload/iblock/98e/98e7885957636a2399c17a0db521efd6.jpg
Куртка женская джинсовая Haodi HD99-247S ,2 000 руб.,/upload/iblock/81f/81f58fe5d3be02f0196192ff1a7cb440.jpg
Жилет  джинсовый женский Lukaixier M17-1 ,700 руб.,/upload/iblock/924/9240eca3300ebe221d71c1ce73037793.jpg
Жилет  джинсовый жен. Rich Berg В8943 ,1 400 руб.,/upload/iblock/fba/fbabcfc229300d9db6eb76fe1d64427d.jpg
Жилет женский джинсовый YJS YL3049M ,1 300 руб.,/upload/iblock/202/202cc4601c6795c203751d7c6920b8a8.jpg
Жилет  джинсовый жен. Vigazz B-202 ,1 000 руб.,/upload/iblock/1c5/1c574cf6a2be9b6e566c833b48041321.jpg
Жилет женский джинсовый Haodi HD99-258AM ,1 300 руб.,/upload/iblock/6e0/6e059bed7710caee388d015f36ef7b8e.jpg
Жилет женский джинсовый YJS YL3051AM ,1 300 руб.,/upload/iblock/bef/bef44b450c4d8e45b1d3a23b188a3ff1.jpg
Жилет  джинсовый женский Lukaixier M13-2 ,700 руб.,/upload/iblock/407/40776ca733c6b09241ed0e55ac69ee28.jpg
Жилет женский джинсовый Haodi HD99-256BM ,1 300 руб.,/upload/iblock/b3a/b3a4263e5d0b04c698c21681d081a751.jpg
Джинсы женские утепленные Langluka LJ1388AFH ,999 руб.,/upload/iblock/903/90345516ae5597c9fd37985c9801ba6d.jpg
Пиджак  джинсовый женский Rich Berg B 820-1 ,1 400 руб.,/upload/iblock/d38/d38a36f56b721b9aa725b79a4113c523.jpg
Куртка женская джинсовая Haodi HD99-246AS ,1 950 руб.,/upload/iblock/dfb/dfbbf63fb9119ca7bfbe6d657a460a9a.jpg
Жилет женский джинсовый YJS YL3050M ,1 300 руб.,/upload/iblock/362/3621251041c509d63cfe0feccaada818.jpg
Куртка женская джинсовая Haodi HD99-240AS ,2 000 руб.,/upload/iblock/75b/75b1fed6233bd2267d9330d6090c428f.jpg
Куртка женская джинсовая Haodi HD99-241BS ,1 950 руб.,/upload/iblock/cf5/cf56500d6f97199d3ffdbfca7c4808bb.jpg
Жилет женский джинсовый Haodi HD99-257S ,1 300 руб.,/upload/iblock/c7a/c7a93adc51c9b3d2e8862767fc256ce2.jpg
Куртка женская джинсовая Haodi HD99-280AS ,1 950 руб.,/upload/iblock/062/0627c40dae5fa3a8b88dbd955b724e3d.jpg
Жилет женский джинсовый Haodi HD99-259BM ,1 300 руб.,/upload/iblock/e23/e235dfdc7d826c9cf005f5a5107189a7.jpg
Куртка женская джинсовая Haodi HD99-239S ,2 000 руб.,/upload/iblock/f41/f414931541c04c641ac029e13ded7025.jpg
Куртка женская джинсовая Haodi HD99-279S ,1 950 руб.,/upload/iblock/836/83659407aa29b07f72da07e29616b009.jpg
Комбинезон женский джинсовый Miss Bon MB-425 ,1 400 руб.,/upload/iblock/17d/17daf2c4f807493b40faaaf4fcc0a811.jpg
Джинсы женские утепленные Barbie Coco Q-242 ,999 руб.,/upload/iblock/4f0/4f0a47931ae0e1a44811202f258a0467.jpg
Джинсы женские утепленные Manguer 8608 ,800 руб.,/upload/iblock/335/335657e3521d31313c8c0b31d6948ad1.jpg
Пиджак  джинсовый женский Rich Berg D 8920 ,1 400 руб.,/upload/iblock/9d7/9d70e517660607963cbb79d7d51486db.jpg
Сарафан женский джинсовый СДЖ 001 ,700 руб.,/upload/iblock/019/0199a896a10d656f03241b451a2c8ad3.jpg
Платье женское джинсовое Langluka LK809LQ ,1 150 руб.,/upload/iblock/2f3/2f3b3993dabaab444fc85cf2a6f55663.jpg
Платье женское джинсовое Langluka LK806BLQ ,1 150 руб.,/upload/iblock/ca9/ca9c9016dea935f73e861a3c778f2d8e.jpg
Шорты женские джинсовые Langluka X1635ADK ,790 руб.,/upload/iblock/5f4/5f43059262bf875bec20361c62444c81.jpg
Бриджи женские джинсовые Langluka LK1615W-1 ,790 руб.,/upload/iblock/3ab/3abdcebf6bc5e2f55d628f35b6df4699.jpg
Сарафан женский джинсовый СДЖ 002 ,700 руб.,/upload/iblock/77c/77ce04f056ff175fa86c958fdd42707b.jpg
 Туника женская джинсовая Baofi 1728-4 ,560 руб.,/upload/iblock/b4f/b4fa1389ca4ee0cf1348f8ff6591c3c9.jpg
Бриджи женские джинсовые Langluka X1622AK ,790 руб.,/upload/iblock/75d/75dfe19497eb9397608e5f6eddc65590.jpg
Бриджи женские джинсовые Langluka LK1618W-1 ,790 руб.,/upload/iblock/c2f/c2ffdc8a1b25379a9f9cd8b6f7a3e823.jpg
Шорты женские джинсовые Langluka X1639DK ,800 руб.,/upload/iblock/487/487241d59a16cef2fac3ee9e27d02202.jpg
Бриджи женские джинсовые Langluka X1685W ,790 руб.,/upload/iblock/4eb/4eb1a78c281e5ded8ab7fcfd777b2e9c.jpg
Бриджи женские джинсовые Langluka PY-258W-1 ,720 руб.,/upload/iblock/a96/a96501bb94236ec67023fdef5a9d1010.jpg
Бриджи женские джинсовые Langluka X1625AWK ,790 руб.,/upload/iblock/7f3/7f38ce593e64b198869005afa020037d.jpg
 Туника женская джинсовая Baofi 1728-1 ,560 руб.,/upload/iblock/08f/08f738a1e3b18b08d256f44917079c45.jpg
Шорты женские джинсовые Langluka LK0140DK ,800 руб.,/upload/iblock/efd/efdeda7d5a07be5bda8d19006d06c6af.jpg
Бриджи женские джинсовые Langluka X1671AK ,790 руб.,/upload/iblock/666/6660d46c24da9b8438572f495941f5e6.jpg
Шорты женские джинсовые Langluka X1633DK ,790 руб.,/upload/iblock/20b/20bded17490bbc0ebf2b7e143bf06887.jpg
Бриджи женские джинсовые Miss Bon MB387-1 ,790 руб.,/upload/iblock/2ed/2ed21f35da96c5124df0289fcd77d79f.jpg
Бриджи женские джинсовые Langluka PY-218Q ,790 руб.,/upload/iblock/f61/f6131f640ebfe6be1e664d25cd664026.jpg
Шорты женские джинсовые Langluka LK0146ADK ,800 руб.,/upload/iblock/ffb/ffba6fd1a1394c529ba82eea8d2da662.jpg
Бриджи женские джинсовые Rich Berg T8992 ,790 руб.,/upload/iblock/0ba/0ba2a1d8f775a600937abbb70de41659.jpg
Бриджи женские джинсовые Langluka PY-216Q ,790 руб.,/upload/iblock/ee6/ee6d8bfc69cf31ed6f46bda1a3aff971.jpg
Юбка женская джинсовая Dersairle 1003 ,1 050 руб.,/upload/iblock/209/209c9dd98e610c4a3c9765cb47979dd3.jpg
Женская джинсовая юбка MISS SOFT M 1424-35 ,1 050 руб.,/upload/iblock/089/08985b0d32a7af8816bd306e15d3c2ac.jpg
"Женские джинсовые шорты Jonshine , арт. B706 ",600 руб.,/upload/iblock/7b3/7b3cfcd750ccc1b56ca13853e1711222.jpg
Юбка женская джинсовая Dersairle 1008 ,1 050 руб.,/upload/iblock/db2/db24b439cbff65b4ca85efdd0d2cb719.jpg
Бриджи женские джинсовые Rich Berg TD9013 ,790 руб.,/upload/iblock/4bd/4bdec05c05f1b938755e26d51b641240.jpg
Бриджи женские джинсовые Langluka PY-239AW ,720 руб.,/upload/iblock/ea7/ea79b6bb9c24f5980d97b1f47cf70bb4.jpg
Юбка женская джинсовая Dersairle 1002 ,1 050 руб.,/upload/iblock/81c/81c12564c267cb704c172fbae054ae94.jpg
Юбка женская джинсовая Dersairle 1021 ,1 050 руб.,/upload/iblock/f92/f9225184d4b5587342c18dd3fb159df0.jpg
Юбка женская джинсовая Dersairle 1009 ,1 050 руб.,/upload/iblock/165/165effd57822f9d15a9fccc27138f01a.jpg
Бриджи женские джинсовые Settanta ZQ7026B ,790 руб.,/upload/iblock/3dd/3dded825c2f606327105c98a0c5c0cb3.jpg
Юбка женская джинсовая Dersairle 1013 ,1 050 руб.,/upload/iblock/4e9/4e9b613c03a97069162338e0c033c6f0.jpg
Бриджи женские джинсовые Rich Berg TD9016 ,790 руб.,/upload/iblock/61c/61c32db08edeb8fe804035f275234d55.jpg
Джинсы женские утепленные Manguer 8604 ,800 руб.,/upload/iblock/f20/f20b822c1a5efc17f0df52720f0c659e.jpg
Джинсы женские утепленные Dute 6059 ,960 руб.,/upload/iblock/acd/acd20bff726a51194ed03b77f9c155eb.jpg
Джинсы женские утепленные Parastoo 5913 ,920 руб.,/upload/iblock/6bd/6bdf8bf3be8b0d2cc1b4731adcf2c305.jpg
Бриджи женские джинсовые Rich Berg T9011 ,790 руб.,/upload/iblock/7fd/7fdfdef2b4247523e930c8fbfe448173.jpg
Джинсы женские утепленные TALACE F065-2 ,990 руб.,/upload/iblock/d0a/d0a229850e0d23f5ac7a38ce7b941277.jpg
Джинсы женские утепленные Manguer 8603 ,800 руб.,/upload/iblock/d95/d95e3c8b267e53c8c09bafd67ca1d070.jpg
Бриджи женские джинсовые Miss Bon MB386 ,790 руб.,/upload/iblock/b31/b31409c9be85b7131eda77111e67c529.jpg
Джинсы женские утепленные Manguer 8602 ,800 руб.,/upload/iblock/a26/a262d1e859344517918e1e1d5b050be0.jpg
,1 950 руб.,
,530 руб.,
Джинсы женские утепленные Roxvivi RX-615 ,990 руб.,/upload/iblock/2f1/2f12ff531c81ff217aeb27f1a52a6dbc.jpg
,530 руб.,
Джинсы женские утепленные Roxvivi RX-614 ,990 руб.,/upload/iblock/268/268e35182db99783568b8a8bf78c77c0.jpg
Шорты женские джинсовые Langluka LK1621K ,790 руб.,/upload/iblock/d17/d17f58160413bf14d9b7ca296904dba5.jpg
,960 руб.,
,960 руб.,
,999 руб.,
Бриджи женские джинсовые Miss Bon MB390 ,790 руб.,/upload/iblock/858/85805180d8feaee0b2f680a753ce0f63.jpg
Джинсы женские утепленные Appciauds A-8075 ,960 руб.,/upload/iblock/812/8126d99868565b95d58dca6787d67aec.jpg
,900 руб.,
Бриджи женские джинсовые Miss Bon MB388 ,790 руб.,/upload/iblock/b19/b1966ce1c20a8aa218ebfc65acef0c90.jpg
Джинсы женские рваные LLK NX868 ,1 199 руб.,/upload/iblock/6ae/6ae33a10177da8006895d703a5aefd1d.jpg
Джинсы женские рваные LLK 1595BKK ,1 199 руб.,/upload/iblock/937/937c3d147fd92e867b00f017b52fcf18.jpg
Джинсы женские рваные Lolo Blues HD-8026 ,1 199 руб.,/upload/iblock/aee/aee2429f62eeabf4ddbae715ddd95719.jpg
Джинсы женские рваные LLK 1607AKK ,1 199 руб.,/upload/iblock/003/0034f2c5b8299fe21a100088532dff56.jpg
,900 руб.,
Джинсы женские рваные Lang Luka 7/8  арт.LK0051 ,999 руб.,/upload/iblock/e29/e29e5dc70966e94a1cfc99a3a97a1892.jpg
Джинсы женские рваные LLK 1608Y ,1 199 руб.,/upload/iblock/6e2/6e2010c75b5a6d8256630e47e242766b.jpg
Джинсы женские рваные LLK 1603KK ,1 199 руб.,/upload/iblock/084/084f0b7f40498de9c44e24bf2c74991f.jpg
Джинсы женские Langluka 1529XK ,999 руб.,/upload/iblock/7c4/7c466b69a7152dc94b23c3eb74aad361.jpg
,900 руб.,
Джинсы женские Гodi 150 ,960 руб.,/upload/iblock/98a/98a2bfd03b302a27d9025b989d9ebbe6.jpg
Шорты женские джинсовые Langluka 1598DK ,790 руб.,/upload/iblock/d6c/d6cde808ba2ca90b4f4f9a573e9f9a94.jpg
Джинсы женские FU A52 ,990 руб.,/upload/iblock/6c8/6c850cee7d768d55d5137f85bd4a47af.jpg
Джинсы женские Langluka FX4078 ,960 руб.,/upload/iblock/e09/e09032d109c5bc00438a02f1e8e84fef.jpg
Джинсы женские Feng Xing FX4090 ,999 руб.,/upload/iblock/52b/52b4f1252766121ab058185b7d540c20.jpg
Джинсы женские Langluka PY265A-1 ,960 руб.,/upload/iblock/124/1244466c003cb97dc1cbf334a35a6710.jpg
Джинсы женские Rajojo denim 6318-3 ,880 руб.,/upload/iblock/2d1/2d1f8106e87a2a3a3f3f1f97af0b4974.jpg
Джинсы женские Miss Bon MB-9029 ,930 руб.,/upload/iblock/47a/47a00de12791f5d942eb56ce9bd38bc5.jpg
Джинсы женские Langluka LJ1535E ,880 руб.,/upload/iblock/c0b/c0b5cba265ba82eb60591c37d67ea855.jpg
Джинсы женские утепленные XQL 006 ,880 руб.,/upload/iblock/f3a/f3a4ff381662612bfcc1e2c51340bf84.jpg
Джинсы женские Rajojo denim 6316 ,880 руб.,/upload/iblock/e5c/e5c3f67a75d21dc76e5fa347fb46a3e5.jpg
Джинсы женские Langluka PY-512 ,800 руб.,/upload/iblock/2a5/2a5eced3ff573e815453551d59ad9c3e.jpg
Джинсы женские Haodi HD99-217KK ,999 руб.,/upload/iblock/3e1/3e1b79b4bb84e71708cd09e3326548e5.jpg
Джинсы женские Haodi HD99-222KK ,999 руб.,/upload/iblock/117/117a8998dc42cc3f7350cb9948617861.jpg
Джинсы женские Langluka PY-305 ,800 руб.,/upload/iblock/e5d/e5dab48f720fbd2bb2a844648b9b2c65.jpg
Джинсы женские Feng Xing FX4225 ,999 руб.,/upload/iblock/91e/91ed49ce0524bfd985490cc2fa9673e9.jpg
Джинсы женские Haodi HD99-219AKK ,999 руб.,/upload/iblock/eb5/eb5eff5fe89820490caaae856b252090.jpg
Джинсы женские Miss Bon MB-411 ,999 руб.,/upload/iblock/73a/73a03346ec24fc07a42c20d09a764b62.jpg
Джинсы женские Yajingshi 3011 ,999 руб.,/upload/iblock/b89/b892cbc8177867822a5c20c797680db9.jpg
Джинсы женские Feng Xing FX4228 ,999 руб.,/upload/iblock/f73/f7348fd6340cddcdfba50ae269e42390.jpg
Джинсы женские Langluka PY-559-1 ,960 руб.,/upload/iblock/ec7/ec706856d03fc8de6fb1b57e7106d729.jpg
Джинсы женские LLK PY012 ,999 руб.,/upload/iblock/949/94968757175aadcc1528bf8f87134e49.jpg
Джинсы женские Langluka PY111A ,999 руб.,/upload/iblock/0ad/0ad44a9d307cf2176f8a6e299cbb7697.jpg
Джинсы женские Langluka PY320B ,880 руб.,/upload/iblock/2c1/2c1bd3c763477c79155d7e2b477200de.jpg
Джинсы женские LLK 1557 ,999 руб.,/upload/iblock/ef5/ef5a8cbe9fa717a3c97289de60248ddc.jpg
Джинсы женские Jilida J0516 ,999 руб.,/upload/iblock/871/871642c4feff0f505f19e59ea1e9bae2.jpg
Джинсы женские Langluka 1533 ,999 руб.,/upload/iblock/847/847255ecb671a89ed41a938ea07c3893.jpg
Джинсы женские Langluka X1698A ,999 руб.,/upload/iblock/ffd/ffdb9ca1d3a4cb7ba447dfca83aa57cf.jpg
Джинсы женские Miss Bon MB-421-1 ,999 руб.,/upload/iblock/336/3363c1c8f0168b83964571e0665bdad3.jpg
Джинсы женские Aimi Brand 3202 ,880 руб.,/upload/iblock/e6f/e6f81e6007e2b98f5724166358b7290a.jpg
Джинсы женские Aimi Brand 3302 ,880 руб.,/upload/iblock/7eb/7eb23d79b3e1fc8b652db2004cb5d928.jpg
Джинсы женские Langluka PY359B ,880 руб.,/upload/iblock/13b/13b1ed0b8b04974ed38383785f6d17b1.jpg
Джинсы женские Jilida J0517 ,999 руб.,/upload/iblock/63e/63e1a7fafa9e664efc30635dc68194f4.jpg
Джинсы женские Denim  HT-9053 ,720 руб.,/upload/iblock/739/739cf3a20c4f31bf98418a41c7c654ca.jpg
Джинсы женские Rajojo A8151 ,900 руб.,/upload/iblock/1f8/1f87139c9d67a1d55bd4296f7cfd7b39.jpg
Джинсы женские Jiao Yan CY1755 ,999 руб.,/upload/iblock/c57/c5734ea8dbb9ed69f673adc482b65596.jpg
Джинсы женские Haodi HD99-183KK ,999 руб.,/upload/iblock/00b/00b6f46c615fc981ec13861f99747e37.jpg
"Джинсы женские YJS, арт.  YJS-3029 ",900 руб.,/upload/iblock/72f/72fb7d5e4c765c1112a91c26d9ebff3c.jpg
Джинсы женские Denim  HT-9015 ,720 руб.,/upload/iblock/45c/45cce6a94e534d08b8916165ea6dd1ea.jpg
Джинсы женские FA&FA FA6053AKK ,999 руб.,/upload/iblock/b53/b539f76192191c9963185def6433b067.jpg
Джинсы женские Feng Xing FX4097 ,999 руб.,/upload/iblock/c87/c8703a3f20eb8738b206dab52c6a8fea.jpg
Джинсы женские Vickys Love K6552 ,999 руб.,/upload/iblock/bcf/bcf5b05afe3f87f5c00814515e6ede61.jpg
Джинсы женские HAODI 0001 ,750 руб.,/upload/iblock/312/312b6e6d84dff323eebe69a31371c5b9.jpg
Джинсы женские FA&FA FA6029BKK ,999 руб.,/upload/iblock/961/96179c5ab426c730f781929f3337053b.jpg
Джинсы женские Yajingshi 1325 ,999 руб.,/upload/iblock/75f/75fc4016b25c54d1700337eae876d71d.jpg
Джинсы женские утепленные Гodi 958 ,920 руб.,/upload/iblock/86b/86b6bf92cd3239859dcd37f0a67828d8.jpg
Джинсы женские Langluka PY012 ,999 руб.,/upload/iblock/196/196ac96043fbdcc35b4c5b6e748a03e7.jpg
Джинсы женские Haodi HD99-220 ,999 руб.,/upload/iblock/57b/57b3b7817449f3244c45e631ba001389.jpg
Джинсы женские Langluka PY393A ,800 руб.,/upload/iblock/0f9/0f99a706b71e96402259810917f591cc.jpg
Джинсы женские Haodi HD99-210-1 ,999 руб.,/upload/iblock/dd9/dd9a9e1f589bd457d44fbf264089966d.jpg
Джинсы женские Denim HT-9059 ,680 руб.,/upload/iblock/b14/b14a3db127afa59c720dafedaff8b453.jpg
Джинсы женские Settanta 111A ,999 руб.,/upload/iblock/7e7/7e7f756c5b04347d9b5c6555dee22698.jpg
Джинсы женские Miss Dudu 40-041S ,880 руб.,/upload/iblock/d13/d13c00c0b335ab811f38d2cc9d8da4e8.jpg
Джинсы женские Miss Bon MB-418-1 ,999 руб.,/upload/iblock/9f4/9f459c3673d233bc37ff912ee6f05bba.jpg
Джинсы женские Langluka PY073A ,999 руб.,/upload/iblock/e30/e30b246c02d7584c42f2aab7cb8bdd4c.jpg
Джинсы женские Langluka X1692 ,999 руб.,/upload/iblock/296/296645434eda23f1949efc8314205938.jpg
Джинсы женские Langluka LJ1329A ,960 руб.,/upload/iblock/2dc/2dc454a7277e134a86e269978568434d.jpg
Джинсы женские Langluka PY096 ,999 руб.,/upload/iblock/012/012e005ab4c0fc9a87ebf974a8fb6556.jpg
Джинсы женские Miss Bon MB-2051 ,880 руб.,/upload/iblock/9fa/9fabe66872163a6ef6132bb311123c1a.jpg
Джинсы женские LLK 1573 ,999 руб.,/upload/iblock/d14/d14f2ccf715dae773868f390c32cfbc1.jpg
Джинсы женские Langluka PY-558-1 ,960 руб.,/upload/iblock/eed/eed77e1338a9276be34cd2ce96140759.jpg
Джинсы женские FX Jeans FX4117-1 ,999 руб.,/upload/iblock/54a/54a8a20d7eda46f021674020770b1186.jpg
Джинсы женские FA&FA FA6028KK ,999 руб.,/upload/iblock/a7e/a7eab2643fcd4e7d00e18dd543a1b667.jpg
Джинсы женские CO&LA CA6007KK ,999 руб.,/upload/iblock/15b/15b99863da5344928a148358e61164d5.jpg
Джинсы женские Langluka PY299A-1 ,880 руб.,/upload/iblock/e8c/e8c460b26cd27540fd0d9068ef846154.jpg
Джинсы женские Feng Xing FX4091 ,999 руб.,/upload/iblock/726/7262f761faa1fe1a84f2d76fcc416bd5.jpg
Джинсы женские Haodi HD99-295 ,999 руб.,/upload/iblock/77d/77d1330dbf9aeeed27d0ab692a561fd2.jpg
Джинсы женские Langluka PY157AKK ,999 руб.,/upload/iblock/95b/95b1a16f3b63edcdfd57755feb7327d6.jpg
Джинсы женские Langluka NX8361 ,1 120 руб.,/upload/iblock/e13/e1381f528a1463b62c36a9bc16c135c1.jpg
Джинсы женские Haodi HD99-293AKK ,999 руб.,/upload/iblock/27e/27e8ad0782fa4e554849d0dada5d51df.jpg
Джинсы женские Yajingshi 1023 ,800 руб.,/upload/iblock/ab5/ab59aeba9c0862a78d4dbf35fec59f0d.jpg
Джинсы женские Haodi HD99-296KK ,999 руб.,/upload/iblock/e52/e52f3a617d890bebceb00017963b8145.jpg
Джинсы женские FA&FA FA6091KK ,999 руб.,/upload/iblock/f7a/f7ad9388f0970d1ae7e50577b0f8c5bd.jpg
Джинсы женские CO&LA CA6020AKK ,999 руб.,/upload/iblock/add/add527dfdd53baa5b3949ad2f35d76c5.jpg
Джинсы женские CO&LA CA6005AKK ,999 руб.,/upload/iblock/58a/58a7fb076bcb2c95fe903a9ed59d88ef.jpg
Джинсы женские Aisadandu QT008 ,999 руб.,/upload/iblock/e2c/e2c5837326f78eee5e7c2006c09da450.jpg
Джинсы женские Yajingshi 1308 ,999 руб.,/upload/iblock/a53/a53f45410a7eff8523b0d4d21e48597f.jpg
Джинсы женские Haodi HD99-202-1 ,999 руб.,/upload/iblock/f0a/f0a36d5350caff1ce8c60958b79a6ae8.jpg
Джинсы женские Feng Xing FX4209A ,999 руб.,/upload/iblock/e40/e40692b9798ea52c6dba0e8d0ff21109.jpg
Джинсы женские Langluka LJ1353B ,960 руб.,/upload/iblock/e99/e991749dbabbdbab9227de6ef041777c.jpg
Джинсы женские утепленные XQL 013 ,880 руб.,/upload/iblock/910/910ca060d6909e49f2dd573eca1f3907.jpg
Джинсы женские FA&FA FA6037AKK ,999 руб.,/upload/iblock/9ee/9ee1715f447d01c4c351660a7d8f5d2a.jpg
Джинсы женские Miss Bon MB-9020 ,930 руб.,/upload/iblock/020/02083affd55cb0b214ba0e3bb6e7954d.jpg
Джинсы женские Langluka PY029-1 ,999 руб.,/upload/iblock/d2d/d2deabb559979062bc34e8eb6c6e5eef.jpg
Джинсы женские Langluka X1712-1 ,999 руб.,/upload/iblock/4cf/4cf7e9c8a95293a38cff3e946bf66a8c.jpg
Джинсы женские Yajingshi 1302   ,999 руб.,/upload/iblock/5d1/5d18acb8a38aed33253659cf5720d1de.jpg
Джинсы женские Langluka LJ1360C ,960 руб.,/upload/iblock/1c7/1c787f5e3e1af97c7c4ab1df995e4fa2.jpg
Джинсы женские Miss Bon MB-401 ,999 руб.,/upload/iblock/a00/a00a505b9f2dc2f2fb1e56a47a5c085a.jpg
Джинсы женские CO&LA CA6002BKK ,999 руб.,/upload/iblock/16d/16d7b6a45024d1a535ea120e3a8c714c.jpg
Джинсы женские Langluka LJ1328C ,960 руб.,/upload/iblock/27c/27ce5965d7e768393a0498eb5f5e8adb.jpg
Джинсы женские AA 8692 ,1 199 руб.,/upload/iblock/bc2/bc22415ef52b7e752a392b0b079ff43b.jpg
Джинсы женские MIss Eleven MS16012 ,960 руб.,/upload/iblock/677/6777775bdf7fb5e5e8bf3567ed224ca2.jpg
Джинсы женские Langluka PY020B ,999 руб.,/upload/iblock/97a/97a7da024deb46498c62759f799789ad.jpg
Джинсы женские FX Jeans FX4113 ,999 руб.,/upload/iblock/614/614b21dbd306f028c81f37b7c338bd24.jpg
Джинсы женские Milofy 8825 ,750 руб.,/upload/iblock/5b9/5b92ef60b6701d625617f09aa2fa627d.jpg
Джинсы женские Langluka FX4072 ,960 руб.,/upload/iblock/184/184978352d8428e32fd6f85d3d323d95.jpg
Джинсы женские LangLuka 1531-1 ,999 руб.,/upload/iblock/928/928caf4d3637cdd3621f6416030966a7.jpg
Джинсы женские LLK PY060Y ,999 руб.,/upload/iblock/26f/26f90b6d6f0d3c32e8ebb2e24dc8e62e.jpg
Джинсы женские Vickys Love K6551 ,999 руб.,/upload/iblock/079/079f9f5681466d3623d1a4a6e847136c.jpg
Джинсы женские Гodi 953 ,999 руб.,/upload/iblock/8ba/8bae2246b015d66c8358b41660e01e25.jpg
Джинсы женские Langluka LJ1351B-1 ,960 руб.,/upload/iblock/9ea/9ea9f77d5a235177036a460619250956.jpg
Джинсы женские LLK PY023 ,999 руб.,/upload/iblock/905/905c2b08bf7af0f584decd99c60cfad7.jpg
Джинсы женские Miss Bon MB-445 ,999 руб.,/upload/iblock/0d5/0d588ffc599232c9959fd69a52b41b06.jpg
Джинсы женские Haodi 99-171-1 ,960 руб.,/upload/iblock/3da/3da86a758022a7ffc0f4a59b254bf2ac.jpg
Джинсы женские Langluka FX4092 ,960 руб.,/upload/iblock/9fc/9fcddfd26d85d3df0cedc1682798acaa.jpg
Джинсы женские рванные Lang Luka 7/8  арт.LK0159 ,999 руб.,/upload/iblock/ab1/ab168d324294e4e49dfcfe6b97f3670d.jpg
Джинсы женские FX Jeans FX4111Y ,999 руб.,/upload/iblock/ef5/ef58e03add4d74548b7d86efa0f5256c.jpg
Джинсы женские рваные FX Jeans FX4109KK ,1 199 руб.,/upload/iblock/e4f/e4f839a66e2040020856b6d2372e908f.jpg
Джинсы женские FU A53 ,990 руб.,/upload/iblock/42b/42b129298a9281ec7fe7dd99e55d9b6a.jpg
Джинсы женские рваные LLK 1605KK ,1 199 руб.,/upload/iblock/8a2/8a2ae9226bb99b1b01259d75836554aa.jpg
Джинсы женские Vickys Love K6553 ,999 руб.,/upload/iblock/831/8310d95403f2ef79ce5bff846439c0fb.jpg
Джинсы женские рваные Early Mo 7/8  арт.2397 ,999 руб.,/upload/iblock/28d/28d02c19fe1aa9c9957477b567cbef61.jpg
Джинсы женские Miss Bon MB-5050 ,880 руб.,/upload/iblock/fd5/fd575c74f0606e04ffc344ceb8171d6c.jpg
Джинсы женские CO&LA CA6001KK ,999 руб.,/upload/iblock/ab9/ab9c64f2d44457d84cce46af3ac41b4f.jpg
Джинсы женские Langluka PY273 ,960 руб.,/upload/iblock/d17/d1768ab3d46e534b4771519dc444fb66.jpg
Джинсы женские Feng Xing FX4095 ,999 руб.,/upload/iblock/c2d/c2dcf4335198de3e25a613de55962c73.jpg
Джинсы женские Langluka PY262-1 ,960 руб.,/upload/iblock/c3c/c3ce60a87ba363611fe189c7b56100d6.jpg
Брюки женские Dute 693-2 ,800 руб.,/upload/iblock/e2f/e2ff8c4c2a030962dfc27ebeeaf2361b.jpg
Джинсы женские Denim HT-9012 ,650 руб.,/upload/iblock/19d/19db3cdf15004dfe6007431b4d36c795.jpg
Джинсы женские FX Jeans FX4058 ,999 руб.,/upload/iblock/b22/b22c8dfb556717320653d709c87d9710.jpg
Джинсы женские Haodi HD99-287KK ,999 руб.,/upload/iblock/758/7587c27576cf3279b5e196a9428268c6.jpg
Джинсы женские Haodi HD99-221AKK ,999 руб.,/upload/iblock/9d6/9d6d1f9e354e676fcb288a8c07ea014f.jpg
Джинсы женские Haodi HD99-289KK ,999 руб.,/upload/iblock/25a/25a5b071de1c5a41f68d741751b38a59.jpg
Джинсы женские Langluka PY386B ,800 руб.,/upload/iblock/136/1369e80fe0a5026ecc9b222975a9d9a7.jpg
Джинсы женские Langluka 1537B ,999 руб.,/upload/iblock/cef/cefb7be1a2939ca47c3459412613c3fa.jpg
name,price,img,add_img,categor_list,proizvodit,country_proizvodit,artikul,size
,900 руб.,,,"Главная,ЖЕНСКАЯ ОДЕЖДА",,,,
Джинсы женские утепленные Hao Di HD99-802 ,990 руб.,/upload/iblock/499/4990fec9c448584558159e41c6758baa.jpg,,"Главная,ЖЕНСКАЯ ОДЕЖДА,Джинсы,Утепленные брюки джинсовые",Производитель: ,Китай,Артикул: HD99-802,"28,29,30,31,32,33"
Джинсы женские утепленные Rajojo F066-2 ,990 руб.,/upload/iblock/585/58518028ac79b37b6cdd3b73fb090cf0.jpg,,"Главная,ЖЕНСКАЯ ОДЕЖДА,Джинсы,Утепленные брюки джинсовые",Производитель: ,Китай,Артикул: F066-2,"30,31,32,33,34,36"
Джинсы женские утепленные JSTH 301 ,900 руб.,/upload/iblock/ea6/ea62f49aac516b9a7dfb05985b611030.jpg,,"Главная,ЖЕНСКАЯ ОДЕЖДА,Джинсы,Утепленные брюки джинсовые",Производитель: ,Китай,Артикул: 301,"28,29,30,31,32,33"
,400 руб.,,,"Главная,ЖЕНСКАЯ ОДЕЖДА,Джинсы",,,,
Джинсы женские утепленные HDL 312 ,900 руб.,/upload/iblock/1ca/1cac027f468bdabfcd844507c42cf869.jpg,,"Главная,ЖЕНСКАЯ ОДЕЖДА,Джинсы,Утепленные брюки джинсовые",Производитель: ,Китай,Артикул: 312,"31,32,33,34,38"
,720 руб.,,,"Главная,ЖЕНСКАЯ ОДЕЖДА,Джинсы",,,,
,560 руб.,,,"Главная,ЖЕНСКАЯ ОДЕЖДА,Джинсы,Комбинезоны и сарафаны ",,,,
,1 400 руб.,,,"Главная,ЖЕНСКАЯ ОДЕЖДА,Джинсы,Комбинезоны и сарафаны ",,,,
Джинсы женские утепленные Hao Di HD99-805 ,990 руб.,/upload/iblock/2f9/2f9bb6173146d36c90da6d86c29d6f9c.jpg,,"Главная,ЖЕНСКАЯ ОДЕЖДА,Джинсы,Утепленные брюки джинсовые",Производитель: ,Китай,Артикул: HD99-805,"31,32,33,34,35,36"
,1 950 руб.,,,"Главная,ЖЕНСКАЯ ОДЕЖДА,Джинсы,Куртки, пиджаки и жилетки",,,,
,560 руб.,,,"Главная,ЖЕНСКАЯ ОДЕЖДА,Джинсы",,,,
,1 050 руб.,,,"Главная,ЖЕНСКАЯ ОДЕЖДА,Джинсы",,,,
Джинсы женские утепленные HDL 318 ,900 руб.,/upload/iblock/a2f/a2f67472d8cfd8b73c3709015fd5de84.jpg,,"Главная,ЖЕНСКАЯ ОДЕЖДА,Джинсы,Утепленные брюки джинсовые",Производитель: ,Китай,Артикул: 318,"30,31,32,33"
,1 950 руб.,,,"Главная,ЖЕНСКАЯ ОДЕЖДА,Джинсы,Куртки, пиджаки и жилетки",,,,
,530 руб.,,,"Главная,ЖЕНСКАЯ ОДЕЖДА,Джинсы",,,,
,530 руб.,,,"Главная,ЖЕНСКАЯ ОДЕЖДА,Джинсы,Куртки, пиджаки и жилетки",,,,
Джинсы женские утепленные Roxvivi RX-613 ,990 руб.,/upload/iblock/2ed/2edda138c9c8595caa695adb69bf5421.jpg,"/upload/resize_cache/iblock/2ed/70_113_2/2edda138c9c8595caa695adb69bf5421.jpg,/upload/resize_cache/iblock/7f7/70_113_2/7f7daf122f2b3439c9bf84ee2cb67b98.jpg,/upload/resize_cache/iblock/efd/70_113_2/efd4eb3276e05872ed8a49e70d007d60.jpg,/upload/resize_cache/iblock/7d2/70_113_2/7d2827dd91191c425688b4c4087ee4cc.jpg","Главная,ЖЕНСКАЯ ОДЕЖДА,Джинсы,Утепленные брюки джинсовые",Производитель: ,Китай,Артикул: RX-613,"31,32,33"
Джинсы женские утепленные Roxvivi RX-607 ,990 руб.,/upload/iblock/94e/94edea8f1ba7517e5cc200601e7474c2.jpg,"/upload/resize_cache/iblock/94e/70_113_2/94edea8f1ba7517e5cc200601e7474c2.jpg,/upload/resize_cache/iblock/31c/70_113_2/31cbdd53f848d6e094c86824aad59fa2.jpg,/upload/resize_cache/iblock/250/70_113_2/25090e8d6a8fa922ff7dda66257bd30b.jpg,/upload/resize_cache/iblock/7d1/70_113_2/7d155339b08d919d1d12abc92019db47.jpg","Главная,ЖЕНСКАЯ ОДЕЖДА,Джинсы,Утепленные брюки джинсовые",Производитель: ,Китай,Артикул: RX-607,"30,32,33,34,36"
Джинсы женские утепленные Roxvivi RX-614 ,990 руб.,/upload/iblock/a09/a0933cd9e20427bef10a2b06aaa1e0b4.jpg,"/upload/resize_cache/iblock/a09/70_113_2/a0933cd9e20427bef10a2b06aaa1e0b4.jpg,/upload/resize_cache/iblock/a5c/70_113_2/a5cce42b9f348f5ed31e14edebe744ad.jpg,/upload/resize_cache/iblock/fee/70_113_2/feeb04cb8924a588231bc3fa3bde8ff1.jpg,/upload/resize_cache/iblock/a08/70_113_2/a08cd06cd95d1e5b8dc531b25f854b21.jpg","Главная,ЖЕНСКАЯ ОДЕЖДА,Джинсы,Утепленные брюки джинсовые",Производитель: ,Китай,Артикул: RX-614,32
Джинсы женские утепленные Miss Bon MB-702 ,990 руб.,/upload/iblock/9c2/9c2d0ba57e4c0d60bab2d35755a82c65.jpg,"/upload/resize_cache/iblock/9c2/70_113_2/9c2d0ba57e4c0d60bab2d35755a82c65.jpg,/upload/resize_cache/iblock/256/70_113_2/25636a20871cd617c404a6f56f3171f5.jpg,/upload/resize_cache/iblock/e5f/70_113_2/e5f5b0dfb1ccb9358c32e92c89f6be2a.jpg,/upload/resize_cache/iblock/7b5/70_113_2/7b57aa28c5b7c8c7d799595a5d3f8a96.jpg",,Производитель: ,Китай,Артикул: MB-702,"32,34,36"
Джинсы женские утепленные Roxvivi RX-611 ,990 руб.,/upload/iblock/216/2163919c4450782550904380dbaa4e9a.jpg,"/upload/resize_cache/iblock/216/70_113_2/2163919c4450782550904380dbaa4e9a.jpg,/upload/resize_cache/iblock/6c0/70_113_2/6c0ba1c2d5f152a30f55343ccb1e80cb.jpg,/upload/resize_cache/iblock/993/70_113_2/9934dee0ffd93cf81c2b85dc58440736.jpg,/upload/resize_cache/iblock/819/70_113_2/819efe876e8684e3ddb71e2dd06b9d57.jpg","Главная,ЖЕНСКАЯ ОДЕЖДА,Джинсы,Утепленные брюки джинсовые",Производитель: ,Китай,Артикул: RX-611,"30,31,32,33,34,36"
Джинсы женские утепленные Cracpot JNS 908 ,960 руб.,/upload/iblock/cb4/cb42db4bc85b4251a9f47bfbe6fb2f9e.jpg,"/upload/resize_cache/iblock/cb4/70_113_2/cb42db4bc85b4251a9f47bfbe6fb2f9e.jpg,/upload/resize_cache/iblock/f8c/70_113_2/f8cdafc49b035d225672a30cdd4e49de.jpg,/upload/resize_cache/iblock/d6f/70_113_2/d6f91ad0dabd4e30b2e6a25e56ff0afb.jpg,/upload/resize_cache/iblock/8c3/70_113_2/8c3ac1e89c5148ce324ea98dbd26a83a.jpg","Главная,ЖЕНСКАЯ ОДЕЖДА,Джинсы,Утепленные брюки джинсовые",Производитель: ,Китай,Артикул: 908,30
Джинсы женские утепленные XQL 017 ,880 руб.,/upload/iblock/494/49499f3be8c0ac36e5dc3ad420781cfd.jpg,,,Производитель: ,Китай,Артикул: 017,"25,26,27,29,30"
Джинсы женские утепленные Гodi 956 ,920 руб.,/upload/iblock/359/359db13e25a1146cfec586f50e522bc1.jpg,"/upload/resize_cache/iblock/359/70_113_2/359db13e25a1146cfec586f50e522bc1.jpg,/upload/resize_cache/iblock/220/70_113_2/220e3c3ddfbf13622fb7822d7da845a0.jpg,/upload/resize_cache/iblock/7a4/70_113_2/7a4c2809f74ad3510ad277fd011117ff.jpg,/upload/resize_cache/iblock/67d/70_113_2/67d271a8e83c8da7b2297b57673b5a15.jpg","Главная,ЖЕНСКАЯ ОДЕЖДА,Джинсы,Утепленные брюки джинсовые",Производитель: ,Китай,Артикул: 956,"30,31,32"
Джинсы женские утепленные Langluka LJ1397EFH ,800 руб.,/upload/iblock/ca2/ca25a71893a0ed906c7d8ed67204f334.jpg,"/upload/resize_cache/iblock/ca2/70_113_2/ca25a71893a0ed906c7d8ed67204f334.jpg,/upload/resize_cache/iblock/200/70_113_2/200816fc80bf5d64bbc7c160def8a81b.jpg,/upload/resize_cache/iblock/c9c/70_113_2/c9ccfe09d3ffb0db6fcb9a326cfee268.jpg,/upload/resize_cache/iblock/5f6/70_113_2/5f66f9dd39dc031e8f1ac3f1d9b25a6e.jpg","Главная,ЖЕНСКАЯ ОДЕЖДА,Джинсы,Утепленные брюки джинсовые",Производитель: ,Китай,Артикул: LJ1397EFH,
Джинсы женские утепленные TALACE F065-2 ,990 руб.,/upload/iblock/74d/74d18c878df611e7c090cedc1528710f.jpg,"/upload/resize_cache/iblock/74d/70_113_2/74d18c878df611e7c090cedc1528710f.jpg,/upload/resize_cache/iblock/c8c/70_113_2/c8c9add12c2949b491a69cd04bc2a077.jpg,/upload/resize_cache/iblock/a92/70_113_2/a92b0ef6464e14abf1b7eaa2daf0377f.jpg",,Производитель: ,Китай,Артикул: F065-2,"30,32,33,34"
Джинсы женские утепленные Hao Di HD99-800 ,990 руб.,/upload/iblock/a1c/a1c29d503a30e5d40ca0cc1c0dff4f4a.jpg,,,Производитель: ,Китай,Артикул: HD99-800,"32,34,40,42"
Джинсы женские утепленные HDL 306 ,900 руб.,/upload/iblock/c0f/c0fc9902cf877e9e6e37dbd945c12b85.jpg,,"Главная,ЖЕНСКАЯ ОДЕЖДА,Джинсы,Утепленные брюки джинсовые",Производитель: ,Китай,Артикул: 306,"28,29,30,31,32,33"
Джинсы женские утепленные HDL 305 ,900 руб.,/upload/iblock/982/982a7e0dfaec5b7930a2774c9bcb1069.jpg,,"Главная,ЖЕНСКАЯ ОДЕЖДА,Джинсы,Утепленные брюки джинсовые",Производитель: ,Китай,Артикул: 305,"28,29,30,31,32,33"
Джинсы женские утепленные Langluka LJ1508BFH ,960 руб.,/upload/iblock/178/1781739a3f37ecbf160b4232cdb19aab.jpg,"/upload/resize_cache/iblock/178/70_113_2/1781739a3f37ecbf160b4232cdb19aab.jpg,/upload/resize_cache/iblock/e81/70_113_2/e81b3fd874727765ad475e210bfb026c.jpg,/upload/resize_cache/iblock/d5e/70_113_2/d5e63425c7b09f872976732b6ea5b380.jpg,/upload/resize_cache/iblock/1eb/70_113_2/1eb04ec12e3cd9b1f2d2dfbc40bde378.jpg","Главная,ЖЕНСКАЯ ОДЕЖДА,Джинсы,Утепленные брюки джинсовые",Производитель: ,Китай,Артикул: LJ1508BFH,33
Джинсы женские утепленные Langluka LJ1203AFH ,920 руб.,/upload/iblock/bf2/bf259638de67fb749f4651bf09348e2a.jpg,,"Главная,ЖЕНСКАЯ ОДЕЖДА,Джинсы,Утепленные брюки джинсовые",Производитель: ,Китай,Артикул: LJ1203AFH,
Джинсы женские утепленные GDKZ K-081 ,990 руб.,/upload/iblock/11c/11ca0b0851548f917aa48b72a5dfa347.jpg,"/upload/resize_cache/iblock/11c/70_113_2/11ca0b0851548f917aa48b72a5dfa347.jpg,/upload/resize_cache/iblock/135/70_113_2/1353e010ab8767fa4a7ebbb0dd2bb424.jpg,/upload/resize_cache/iblock/7a3/70_113_2/7a3df3d4c58d9d534114371c3b42a500.jpg,/upload/resize_cache/iblock/0f8/70_113_2/0f835ae83a593e49f5acab9eb402801b.jpg","Главная,ЖЕНСКАЯ ОДЕЖДА,Джинсы,Утепленные брюки джинсовые",Производитель: ,Китай,Артикул: K-081,
Джинсы женские Tigerclub 4984 ,400 руб.,/upload/iblock/4db/4db7e13cf26964064c265f50322cac00.jpg,"/upload/resize_cache/iblock/4db/70_113_2/4db7e13cf26964064c265f50322cac00.jpg,/upload/resize_cache/iblock/10a/70_113_2/10a14bad80cc98ec85338530c36e91c0.jpg","Главная,ЖЕНСКАЯ ОДЕЖДА,Джинсы,Распродажа",Производитель: ,Китай,Артикул: 4984,25
Джинсы женские утепленные Langluka LJ1387CFH ,960 руб.,/upload/iblock/288/288244f287f5213f5edc0ffab5034a1a.jpg,"/upload/resize_cache/iblock/288/70_113_2/288244f287f5213f5edc0ffab5034a1a.jpg,/upload/resize_cache/iblock/d44/70_113_2/d44b45643eecd7da043557f0ec1e5ed7.jpg,/upload/resize_cache/iblock/46b/70_113_2/46b3f8ed941a1dfeec8d936f11f3d0c2.jpg,/upload/resize_cache/iblock/5c9/70_113_2/5c996b5090045bd309dfcc29a491db75.jpg","Главная,ЖЕНСКАЯ ОДЕЖДА,Джинсы,Утепленные брюки джинсовые",Производитель: ,Китай,Артикул: LJ1387CFH,"32,34"
Джинсы женские утепленные GDKZ K-086 ,880 руб.,/upload/iblock/780/780b2d13720cea88c7d469e3d2da68be.jpg,"/upload/resize_cache/iblock/780/70_113_2/780b2d13720cea88c7d469e3d2da68be.jpg,/upload/resize_cache/iblock/cfd/70_113_2/cfdb8873836fd54a18f7f39491dca51a.jpg,/upload/resize_cache/iblock/ab9/70_113_2/ab91cd8ec61d3f8d930679301a41db67.jpg,/upload/resize_cache/iblock/1c5/70_113_2/1c54a8c09fb0db3a95692bbb4ff789f5.jpg","Главная,ЖЕНСКАЯ ОДЕЖДА,Джинсы,Утепленные брюки джинсовые",Производитель: ,Китай,Артикул: K-086,"29,31"
Джинсы женские утепленные Langluka X1747-1F ,960 руб.,/upload/iblock/fe5/fe5f3a665f1e0c9666ad09f0d43ce4ba.jpg,,"Главная,ЖЕНСКАЯ ОДЕЖДА,Джинсы,Утепленные брюки джинсовые",Производитель: ,Китай,Артикул: X1747-1F,"25,26"
,900 руб.,,,"Главная,ЖЕНСКАЯ ОДЕЖДА,Джинсы",,,,
Джинсы женские утепленные Langluka LJ1388AFH ,999 руб.,/upload/iblock/903/90345516ae5597c9fd37985c9801ba6d.jpg,,"Главная,ЖЕНСКАЯ ОДЕЖДА,Джинсы,Утепленные брюки джинсовые",Производитель: ,Китай,Артикул: LJ1388AFH,32
Джинсы женские утепленные AZZ 6902 ,920 руб.,/upload/iblock/91c/91ceb5c001fce75eebbe0b7bdb971e3d.jpg,"/upload/resize_cache/iblock/91c/70_113_2/91ceb5c001fce75eebbe0b7bdb971e3d.jpg,/upload/resize_cache/iblock/a37/70_113_2/a3782d4de1cbc4939294e83cbf3ed58e.jpg,/upload/resize_cache/iblock/e93/70_113_2/e93bb3fa07bb40194e0a98a2cf52fefe.jpg,/upload/resize_cache/iblock/619/70_113_2/619440e905320f67001fe2d09c0740a8.jpg","Главная,ЖЕНСКАЯ ОДЕЖДА,Джинсы,Утепленные брюки джинсовые",Производитель: ,Китай,Артикул: 6902,"30,32"
Женская джинсовая юбка MISS SOFT M 1424-35 ,1 050 руб.,/upload/iblock/089/08985b0d32a7af8816bd306e15d3c2ac.jpg,"/upload/resize_cache/iblock/089/70_113_2/08985b0d32a7af8816bd306e15d3c2ac.jpg,/upload/resize_cache/iblock/c33/70_113_2/c330013d19c847c3402fa17b8c292125.jpg,/upload/resize_cache/iblock/179/70_113_2/1797a7fd0eab8a27bdf141e841a23e19.jpg,/upload/resize_cache/iblock/390/70_113_2/390a14a65139c6efcf3d8ba050cd5621.jpg","Главная,ЖЕНСКАЯ ОДЕЖДА,Джинсы,Юбки джинсовые",Производитель: ,Китай,Артикул: M 1424-35,
Юбка женская джинсовая Dersairle 1002 ,1 050 руб.,/upload/iblock/81c/81c12564c267cb704c172fbae054ae94.jpg,,"Главная,ЖЕНСКАЯ ОДЕЖДА,Джинсы,Юбки джинсовые",Производитель: ,Китай,Артикул: 1002,"25,26,27"
Юбка женская джинсовая Dersairle 1003 ,1 050 руб.,/upload/iblock/209/209c9dd98e610c4a3c9765cb47979dd3.jpg,,"Главная,ЖЕНСКАЯ ОДЕЖДА,Джинсы,Юбки джинсовые",Производитель: ,Китай,Артикул: 1003,"25,26,27"
Юбка женская джинсовая Dersairle 1008 ,1 050 руб.,/upload/iblock/db2/db24b439cbff65b4ca85efdd0d2cb719.jpg,,"Главная,ЖЕНСКАЯ ОДЕЖДА,Джинсы,Юбки джинсовые",Производитель: ,Китай,Артикул: 1008,"25,26"
Юбка женская джинсовая Dersairle 1009 ,1 050 руб.,/upload/iblock/165/165effd57822f9d15a9fccc27138f01a.jpg,,"Главная,ЖЕНСКАЯ ОДЕЖДА,Джинсы,Юбки джинсовые",Производитель: ,Китай,Артикул: 1009,"25,26"
Куртка женская джинсовая Lanmasku 161 ,2 100 руб.,/upload/iblock/449/4497333d2d1aabc865f4919717cf3a0e.jpg,"/upload/resize_cache/iblock/449/70_113_2/4497333d2d1aabc865f4919717cf3a0e.jpg,/upload/resize_cache/iblock/5b0/70_113_2/5b08db35aede703e56b344b0045ccb19.jpg,/upload/resize_cache/iblock/ecb/70_113_2/ecbbca3550901562e972880b3d848df2.jpg","Главная,ЖЕНСКАЯ ОДЕЖДА,Джинсы,Куртки, пиджаки и жилетки",Производитель: ,Китай,Артикул: 161,"42-44,44-46"
name,price,img,add_img,categor_list,proizvodit,country_proizvodit,artikul,size,title
,900 руб.,,,"Главная,ЖЕНСКАЯ ОДЕЖДА",,,,,
Джинсы женские утепленные Hao Di HD99-800 ,990 руб.,/upload/iblock/a1c/a1c29d503a30e5d40ca0cc1c0dff4f4a.jpg,,,Производитель: ,Китай,Артикул: HD99-800,"32,34,40,42","Симпатичные утепленные байкой, стрейчевые джинсы со средней посадкой, зауженного кроя. Модель оформлена застежкой на пуговицу и молнию. Прекрасный выбор для повседневного гардероба. Детали: прямой покрой, подкладкой из тонкой байки которая незаметна глазу. Состав джинсов: 98% хлопок, 2% полиэстер. Сезон: Зима."
Джинсы женские утепленные HDL 318 ,900 руб.,/upload/iblock/a2f/a2f67472d8cfd8b73c3709015fd5de84.jpg,,"Главная,ЖЕНСКАЯ ОДЕЖДА,Джинсы,Утепленные брюки джинсовые",Производитель: ,Китай,Артикул: 318,"30,31,32,33","Симпатичные утепленные байкой, стрейчевые джинсы со средней посадкой, зауженного кроя. Модель оформлена застежкой на пуговицу и молнию. Прекрасный выбор для повседневного гардероба. Детали: прямой покрой, подкладкой из тонкой байки которая незаметна глазу. Состав джинсов: 85% хлопок, 15% полиэстер. Сезон: Зима."
,400 руб.,,,"Главная,ЖЕНСКАЯ ОДЕЖДА,Джинсы",,,,,
Джинсы женские утепленные HDL 312 ,900 руб.,/upload/iblock/1ca/1cac027f468bdabfcd844507c42cf869.jpg,,"Главная,ЖЕНСКАЯ ОДЕЖДА,Джинсы,Утепленные брюки джинсовые",Производитель: ,Китай,Артикул: 312,"31,32,33,34,38","Симпатичные утепленные байкой, стрейчевые джинсы со средней посадкой, зауженного кроя. Модель оформлена застежкой на пуговицу и молнию. Прекрасный выбор для повседневного гардероба. Детали: прямой покрой, подкладкой из тонкой байки которая незаметна глазу. Состав джинсов: 85% хлопок, 15% полиэстер. Сезон: Зима."
Джинсы женские утепленные HDL 306 ,900 руб.,/upload/iblock/c0f/c0fc9902cf877e9e6e37dbd945c12b85.jpg,,"Главная,ЖЕНСКАЯ ОДЕЖДА,Джинсы,Утепленные брюки джинсовые",Производитель: ,Китай,Артикул: 306,"28,29,30,31,32,33","Симпатичные утепленные байкой, стрейчевые джинсы со средней посадкой, зауженного кроя. Модель оформлена застежкой на пуговицу и молнию. Прекрасный выбор для повседневного гардероба. Детали: прямой покрой, подкладкой из тонкой байки которая незаметна глазу. Состав джинсов: 85% хлопок, 15% полиэстер. Сезон: Зима."
Джинсы женские утепленные Rajojo F066-2 ,990 руб.,/upload/iblock/585/58518028ac79b37b6cdd3b73fb090cf0.jpg,,"Главная,ЖЕНСКАЯ ОДЕЖДА,Джинсы,Утепленные брюки джинсовые",Производитель: ,Китай,Артикул: F066-2,"30,31,32,33,34,36","Симпатичные утепленные байкой, стрейчевые джинсы со средней посадкой, зауженного кроя. Модель оформлена застежкой на пуговицу и молнию. Прекрасный выбор для повседневного гардероба. Детали: прямой покрой, подкладкой из тонкой байки которая незаметна глазу. Состав джинсов: 85% хлопок, 15% полиэстер. Сезон: Зима."
Джинсы женские утепленные Hao Di HD99-802 ,990 руб.,/upload/iblock/499/4990fec9c448584558159e41c6758baa.jpg,,"Главная,ЖЕНСКАЯ ОДЕЖДА,Джинсы,Утепленные брюки джинсовые",Производитель: ,Китай,Артикул: HD99-802,"28,29,30,31,32,33","Симпатичные утепленные байкой, стрейчевые джинсы со средней посадкой, зауженного кроя. Модель оформлена застежкой на пуговицу и молнию. Прекрасный выбор для повседневного гардероба. Детали: прямой покрой, подкладкой из тонкой байки которая незаметна глазу. Состав джинсов: 98% хлопок, 2% полиэстер. Сезон: Зима."
Джинсы женские утепленные Hao Di HD99-805 ,990 руб.,/upload/iblock/2f9/2f9bb6173146d36c90da6d86c29d6f9c.jpg,,,Производитель: ,Китай,Артикул: HD99-805,"31,32,33,34,35,36","Симпатичные утепленные байкой, стрейчевые джинсы со средней посадкой, зауженного кроя. Модель оформлена застежкой на пуговицу и молнию. Прекрасный выбор для повседневного гардероба. Детали: прямой покрой, подкладкой из тонкой байки которая незаметна глазу. Состав джинсов: 98% хлопок, 2% полиэстер. Сезон: Зима."
,1 050 руб.,,,"Главная,ЖЕНСКАЯ ОДЕЖДА,Джинсы",,,,,
,720 руб.,,,"Главная,ЖЕНСКАЯ ОДЕЖДА,Джинсы",,,,,
Джинсы женские утепленные HDL 305 ,900 руб.,/upload/iblock/982/982a7e0dfaec5b7930a2774c9bcb1069.jpg,,,Производитель: ,Китай,Артикул: 305,"28,29,30,31,32,33","Симпатичные утепленные байкой, стрейчевые джинсы со средней посадкой, зауженного кроя. Модель оформлена застежкой на пуговицу и молнию. Прекрасный выбор для повседневного гардероба. Детали: прямой покрой, подкладкой из тонкой байки которая незаметна глазу. Состав джинсов: 85% хлопок, 15% полиэстер. Сезон: Зима."
,1 950 руб.,,,"Главная,ЖЕНСКАЯ ОДЕЖДА,Джинсы,Куртки, пиджаки и жилетки",,,,,
Джинсы женские утепленные Miss Bon MB-702 ,990 руб.,/upload/iblock/9c2/9c2d0ba57e4c0d60bab2d35755a82c65.jpg,"/upload/resize_cache/iblock/9c2/70_113_2/9c2d0ba57e4c0d60bab2d35755a82c65.jpg,/upload/resize_cache/iblock/256/70_113_2/25636a20871cd617c404a6f56f3171f5.jpg,/upload/resize_cache/iblock/e5f/70_113_2/e5f5b0dfb1ccb9358c32e92c89f6be2a.jpg,/upload/resize_cache/iblock/7b5/70_113_2/7b57aa28c5b7c8c7d799595a5d3f8a96.jpg",,Производитель: ,Китай,Артикул: MB-702,"32,34,36","Симпатичные утепленные байкой, стрейчевые джинсы со средней посадкой, прямого кроя. Модель оформлена застежкой на пуговицу и молнию. Прекрасный выбор для повседневного гардероба. Детали: прямой покрой, подкладкой из тонкой байки которая незаметна глазу. Состав джинсов: 98% хлопок, 2% спандекс. Сезон: Зима."
,1 400 руб.,,,"Главная,ЖЕНСКАЯ ОДЕЖДА,Джинсы,Комбинезоны и сарафаны ",,,,,
,560 руб.,,,"Главная,ЖЕНСКАЯ ОДЕЖДА,Джинсы",,,,,
,560 руб.,,,"Главная,ЖЕНСКАЯ ОДЕЖДА,Джинсы,Комбинезоны и сарафаны ",,,,,
Джинсы женские утепленные Appciauds A-8075 ,960 руб.,/upload/iblock/812/8126d99868565b95d58dca6787d67aec.jpg,"/upload/resize_cache/iblock/812/70_113_2/8126d99868565b95d58dca6787d67aec.jpg,/upload/resize_cache/iblock/47d/70_113_2/47d00e3d944a2c4e36ae168a093cc958.jpg,/upload/resize_cache/iblock/29e/70_113_2/29efdf436fcc512ee456ff965f575c9d.jpg,/upload/resize_cache/iblock/a4e/70_113_2/a4e759a095f5a2ac6edf384020316b52.jpg","Главная,ЖЕНСКАЯ ОДЕЖДА,Джинсы,Утепленные брюки джинсовые",Производитель: ,Китай,Артикул: A-8075,"28,32","Симпатичные утепленные байкой, стрейчевые джинсы со средней посадкой, зауженного кроя c застежкой на пуговицу и молнию. Прекрасный выбор для повседневного гардероба. Состав джинсов: 98% хлопок, 2% спандекс. Сезон: Зима."
Джинсы женские утепленные Langluka LJ1388AFH ,999 руб.,/upload/iblock/903/90345516ae5597c9fd37985c9801ba6d.jpg,,"Главная,ЖЕНСКАЯ ОДЕЖДА,Джинсы,Утепленные брюки джинсовые",Производитель: ,Китай,Артикул: LJ1388AFH,32,"Симпатичные утепленные байкой, стрейчевые джинсы со средней посадкой, зауженного кроя. Модель оформлена небольшим выбеленным эффектом, застежкой на пуговицу и молнию. Прекрасный выбор для повседневного гардероба. Детали: зауженный покрой, подкладкой из тонкой байки которая незаметна глазу. Состав джинсов: 98% хлопок, 2% спандекс. Сезон: Зима."
Джинсы женские утепленные AZZ 6902 ,920 руб.,/upload/iblock/91c/91ceb5c001fce75eebbe0b7bdb971e3d.jpg,"/upload/resize_cache/iblock/91c/70_113_2/91ceb5c001fce75eebbe0b7bdb971e3d.jpg,/upload/resize_cache/iblock/a37/70_113_2/a3782d4de1cbc4939294e83cbf3ed58e.jpg,/upload/resize_cache/iblock/e93/70_113_2/e93bb3fa07bb40194e0a98a2cf52fefe.jpg,/upload/resize_cache/iblock/619/70_113_2/619440e905320f67001fe2d09c0740a8.jpg","Главная,ЖЕНСКАЯ ОДЕЖДА,Джинсы,Утепленные брюки джинсовые",Производитель: ,Китай,Артикул: 6902,"30,32","Симпатичные утепленные байкой, стрейчевые джинсы со средней посадкой, зауженного кроя. Модель оформлена небольшим выбеленным эффектом, застежкой на пуговицу и молнию. Прекрасный выбор для повседневного гардероба. Детали: зауженный покрой, подкладкой из тонкой байки которая незаметна глазу. Состав джинсов: 98% хлопок, 2% спандекс. Сезон: Зима."
Джинсы женские Tigerclub 4984 ,400 руб.,/upload/iblock/4db/4db7e13cf26964064c265f50322cac00.jpg,"/upload/resize_cache/iblock/4db/70_113_2/4db7e13cf26964064c265f50322cac00.jpg,/upload/resize_cache/iblock/10a/70_113_2/10a14bad80cc98ec85338530c36e91c0.jpg","Главная,ЖЕНСКАЯ ОДЕЖДА,Джинсы,Распродажа",Производитель: ,Китай,Артикул: 4984,25,"ВНИМАНИЕ! ДАННЫЙ ТОВАР ОБМЕНУ И ВОЗВРАТУ НЕ ПОДЛЕЖИТ, Состав: 100% хлопок."
Джинсы женские утепленные Sessanta 3687. ,999 руб.,/upload/iblock/077/077c2fc0074c68f07fe7429542b3195a.jpg,,"Главная,ЖЕНСКАЯ ОДЕЖДА,Джинсы,Утепленные брюки джинсовые",Производитель: ,Турция,Артикул: 3687,26,"Симпатичные утепленные байкой, стрейчевые джинсы с низкой посадкой, зауженного кроя. Модель оформлена небольшим выбеленным эффектом, застежкой на пуговицу и молнию. Прекрасный выбор для повседневного гардероба. Детали: зауженный покрой, подкладкой из тонкой байки которая незаметна глазу. Состав джинсов: 100% хлопок. Сезон: Зима."
Джинсы женские утепленные JSTH 301 ,900 руб.,/upload/iblock/ea6/ea62f49aac516b9a7dfb05985b611030.jpg,,"Главная,ЖЕНСКАЯ ОДЕЖДА,Джинсы,Утепленные брюки джинсовые",Производитель: ,Китай,Артикул: 301,"28,29,30,31,32,33","Симпатичные утепленные байкой, стрейчевые джинсы со средней посадкой, прямого кроя. Модель оформлена застежкой на пуговицу и молнию. Прекрасный выбор для повседневного гардероба. Детали: прямой покрой, подкладкой из тонкой байки которая незаметна глазу. Состав джинсов: 98% хлопок, 2% спандекс. Сезон: Зима."
Джинсы женские утепленные XQL 006 ,880 руб.,/upload/iblock/f3a/f3a4ff381662612bfcc1e2c51340bf84.jpg,,"Главная,ЖЕНСКАЯ ОДЕЖДА,Джинсы,Утепленные брюки джинсовые",Производитель: ,Китай,Артикул: 006,"25,26,27,28,30","Симпатичные утепленные байкой, стрейчевые джинсы со средней посадкой, зауженного кроя. Модель оформлена небольшим выбеленным эффектом, застежкой на пуговицу и молнию. Прекрасный выбор для повседневного гардероба. Детали: зауженный покрой, подкладкой из тонкой байки которая незаметна глазу. Состав джинсов: 98% хлопок, 2% спандекс. Сезон: Зима."
Джинсы женские утепленные Roxvivi RX-613 ,990 руб.,/upload/iblock/2ed/2edda138c9c8595caa695adb69bf5421.jpg,"/upload/resize_cache/iblock/2ed/70_113_2/2edda138c9c8595caa695adb69bf5421.jpg,/upload/resize_cache/iblock/7f7/70_113_2/7f7daf122f2b3439c9bf84ee2cb67b98.jpg,/upload/resize_cache/iblock/efd/70_113_2/efd4eb3276e05872ed8a49e70d007d60.jpg,/upload/resize_cache/iblock/7d2/70_113_2/7d2827dd91191c425688b4c4087ee4cc.jpg","Главная,ЖЕНСКАЯ ОДЕЖДА,Джинсы,Утепленные брюки джинсовые",Производитель: ,Китай,Артикул: RX-613,"31,32,33","Симпатичные утепленные байкой, стрейчевые джинсы со средней посадкой, прямого кроя. Модель оформлена застежкой на пуговицу и молнию. Прекрасный выбор для повседневного гардероба. Детали: прямой покрой, подкладкой из тонкой байки которая незаметна глазу. Состав джинсов: 98% хлопок, 2% спандекс. Сезон: Зима."
Джинсы женские утепленные Roxvivi RX-614 ,990 руб.,/upload/iblock/a09/a0933cd9e20427bef10a2b06aaa1e0b4.jpg,"/upload/resize_cache/iblock/a09/70_113_2/a0933cd9e20427bef10a2b06aaa1e0b4.jpg,/upload/resize_cache/iblock/a5c/70_113_2/a5cce42b9f348f5ed31e14edebe744ad.jpg,/upload/resize_cache/iblock/fee/70_113_2/feeb04cb8924a588231bc3fa3bde8ff1.jpg,/upload/resize_cache/iblock/a08/70_113_2/a08cd06cd95d1e5b8dc531b25f854b21.jpg","Главная,ЖЕНСКАЯ ОДЕЖДА,Джинсы,Утепленные брюки джинсовые",Производитель: ,Китай,Артикул: RX-614,32,"Симпатичные утепленные байкой, стрейчевые джинсы со средней посадкой, прямого кроя. Модель оформлена застежкой на пуговицу и молнию. Прекрасный выбор для повседневного гардероба. Детали: прямой покрой, подкладкой из тонкой байки которая незаметна глазу. Состав джинсов: 98% хлопок, 2% спандекс. Сезон: Зима."
Джинсы женские утепленные TALACE F065-2 ,990 руб.,/upload/iblock/74d/74d18c878df611e7c090cedc1528710f.jpg,"/upload/resize_cache/iblock/74d/70_113_2/74d18c878df611e7c090cedc1528710f.jpg,/upload/resize_cache/iblock/c8c/70_113_2/c8c9add12c2949b491a69cd04bc2a077.jpg,/upload/resize_cache/iblock/a92/70_113_2/a92b0ef6464e14abf1b7eaa2daf0377f.jpg",,Производитель: ,Китай,Артикул: F065-2,"30,32,33,34","Симпатичные утепленные байкой, стрейчевые джинсы со средней посадкой, зауженного кроя. Модель оформлена застежкой на пуговицу и молнию. Прекрасный выбор для повседневного гардероба. Детали: прямой покрой, подкладкой из тонкой байки которая незаметна глазу. Состав джинсов: 85% хлопок, 15% полиэстер. Сезон: Зима."
,1 950 руб.,,,"Главная,ЖЕНСКАЯ ОДЕЖДА,Джинсы,Куртки, пиджаки и жилетки",,,,,
Джинсы женские утепленные DHD F-505 ,800 руб.,/upload/iblock/f09/f097ebdf687aae7c9294e62753a256b1.jpg,,"Главная,ЖЕНСКАЯ ОДЕЖДА,Джинсы,Утепленные брюки джинсовые",Производитель: ,Китай,Артикул: F-505,26,"Симпатичные утепленные байкой, стрейчевые джинсы со средней посадкой, зауженного кроя. Модель оформлена небольшим выбеленным эффектом, застежкой на пуговицу и молнию. Прекрасный выбор для повседневного гардероба. Детали: зауженный покрой, подкладкой из тонкой байки которая незаметна глазу. Состав джинсов: 98% хлопок, 2% спандекс. Сезон: Зима."
Джинсы женские утепленные Roxvivi RX-607 ,990 руб.,/upload/iblock/94e/94edea8f1ba7517e5cc200601e7474c2.jpg,"/upload/resize_cache/iblock/94e/70_113_2/94edea8f1ba7517e5cc200601e7474c2.jpg,/upload/resize_cache/iblock/31c/70_113_2/31cbdd53f848d6e094c86824aad59fa2.jpg,/upload/resize_cache/iblock/250/70_113_2/25090e8d6a8fa922ff7dda66257bd30b.jpg,/upload/resize_cache/iblock/7d1/70_113_2/7d155339b08d919d1d12abc92019db47.jpg","Главная,ЖЕНСКАЯ ОДЕЖДА,Джинсы,Утепленные брюки джинсовые",Производитель: ,Китай,Артикул: RX-607,"30,32,33,34,36","Симпатичные утепленные байкой, стрейчевые джинсы со средней посадкой, прямого кроя. Модель оформлена застежкой на пуговицу и молнию. Прекрасный выбор для повседневного гардероба. Детали: прямой покрой, подкладкой из тонкой байки которая незаметна глазу. Состав джинсов: 98% хлопок, 2% спандекс. Сезон: Зима."
Джинсы женские утепленные Roxvivi RX-611 ,990 руб.,/upload/iblock/216/2163919c4450782550904380dbaa4e9a.jpg,"/upload/resize_cache/iblock/216/70_113_2/2163919c4450782550904380dbaa4e9a.jpg,/upload/resize_cache/iblock/6c0/70_113_2/6c0ba1c2d5f152a30f55343ccb1e80cb.jpg,/upload/resize_cache/iblock/993/70_113_2/9934dee0ffd93cf81c2b85dc58440736.jpg,/upload/resize_cache/iblock/819/70_113_2/819efe876e8684e3ddb71e2dd06b9d57.jpg","Главная,ЖЕНСКАЯ ОДЕЖДА,Джинсы,Утепленные брюки джинсовые",Производитель: ,Китай,Артикул: RX-611,"30,31,32,33,34,36","Симпатичные утепленные байкой, стрейчевые джинсы со средней посадкой, прямого кроя. Модель оформлена застежкой на пуговицу и молнию. Прекрасный выбор для повседневного гардероба. Детали: прямой покрой, подкладкой из тонкой байки которая незаметна глазу. Состав джинсов: 98% хлопок, 2% спандекс. Сезон: Зима."
Джинсы женские утепленные Langluka LJ1016-AFH ,999 руб.,/upload/iblock/b16/b16459f684038ff30248f88b010de342.jpg,,"Главная,ЖЕНСКАЯ ОДЕЖДА,Джинсы,Утепленные брюки джинсовые",Производитель: ,Китай,Артикул:  LJ1016-AFH,,"Джинсы женские утепленные. Состав: 98% хлопок, 2% спандекс. Сезон: Зима."
Джинсы женские утепленные Miss Bon MB-701 ,990 руб.,/upload/iblock/348/348c080e3584a11b51c3102eaa1c33a3.jpg,"/upload/resize_cache/iblock/348/70_113_2/348c080e3584a11b51c3102eaa1c33a3.jpg,/upload/resize_cache/iblock/eec/70_113_2/eecd2f850d712def83afb1b2165462c2.jpg,/upload/resize_cache/iblock/13b/70_113_2/13bfd4449db7fa9414e16e4998de3403.jpg,/upload/resize_cache/iblock/369/70_113_2/3697c5f275861b01d0b6de4c4dda10ba.jpg","Главная,ЖЕНСКАЯ ОДЕЖДА,Джинсы,Утепленные брюки джинсовые",Производитель: ,Китай,Артикул: MB-701,"32,34,36","Симпатичные утепленные байкой, стрейчевые джинсы со средней посадкой, прямого кроя. Модель оформлена застежкой на пуговицу и молнию. Прекрасный выбор для повседневного гардероба. Детали: прямой покрой, подкладкой из тонкой байки которая незаметна глазу. Состав джинсов: 98% хлопок, 2% спандекс. Сезон: Зима."
Джинсы женские утепленные Langluka LJ1508BFH ,960 руб.,/upload/iblock/178/1781739a3f37ecbf160b4232cdb19aab.jpg,"/upload/resize_cache/iblock/178/70_113_2/1781739a3f37ecbf160b4232cdb19aab.jpg,/upload/resize_cache/iblock/e81/70_113_2/e81b3fd874727765ad475e210bfb026c.jpg,/upload/resize_cache/iblock/d5e/70_113_2/d5e63425c7b09f872976732b6ea5b380.jpg,/upload/resize_cache/iblock/1eb/70_113_2/1eb04ec12e3cd9b1f2d2dfbc40bde378.jpg","Главная,ЖЕНСКАЯ ОДЕЖДА,Джинсы,Утепленные брюки джинсовые",Производитель: ,Китай,Артикул: LJ1508BFH,33,"Симпатичные утепленные байкой, стрейчевые джинсы со средней посадкой, прямого кроя. Модель оформлена застежкой на пуговицу и молнию. Прекрасный выбор для повседневного гардероба. Детали: прямой покрой, подкладкой из тонкой байки которая незаметна глазу. Состав джинсов: 98% хлопок, 2% спандекс. Сезон: Зима."
Джинсы женские утепленные Langluka LJ1203AFH ,920 руб.,/upload/iblock/bf2/bf259638de67fb749f4651bf09348e2a.jpg,,"Главная,ЖЕНСКАЯ ОДЕЖДА,Джинсы,Утепленные брюки джинсовые",Производитель: ,Китай,Артикул: LJ1203AFH,,"Джинсы женские утепленные. Детали:классический покрой, подкладкой из тонкого флиса, которая незаметна глазу. Джинсы-стрейч. Состав джинсов: 98% хлопок, 2% спандекс. Сезон: Зима."
Джинсы женские утепленные GDKZ K-081 ,990 руб.,/upload/iblock/11c/11ca0b0851548f917aa48b72a5dfa347.jpg,"/upload/resize_cache/iblock/11c/70_113_2/11ca0b0851548f917aa48b72a5dfa347.jpg,/upload/resize_cache/iblock/135/70_113_2/1353e010ab8767fa4a7ebbb0dd2bb424.jpg,/upload/resize_cache/iblock/7a3/70_113_2/7a3df3d4c58d9d534114371c3b42a500.jpg,/upload/resize_cache/iblock/0f8/70_113_2/0f835ae83a593e49f5acab9eb402801b.jpg","Главная,ЖЕНСКАЯ ОДЕЖДА,Джинсы,Утепленные брюки джинсовые",Производитель: ,Китай,Артикул: K-081,,"Симпатичные утепленные байкой, стрейчевые джинсы со средней посадкой, прямого кроя. Модель оформлена застежкой на пуговицу и молнию. Прекрасный выбор для повседневного гардероба. Состав джинсов: 98% хлопок, 2% спандекс. Сезон: Зима."
,530 руб.,,,"Главная,ЖЕНСКАЯ ОДЕЖДА,Джинсы,Куртки, пиджаки и жилетки",,,,,
,530 руб.,,,"Главная,ЖЕНСКАЯ ОДЕЖДА,Джинсы",,,,,
,900 руб.,,,"Главная,ЖЕНСКАЯ ОДЕЖДА,Джинсы",,,,,
,960 руб.,,,"Главная,ЖЕНСКАЯ ОДЕЖДА,Джинсы,Брюки джинсовые",,,,,
,960 руб.,,,"Главная,ЖЕНСКАЯ ОДЕЖДА,Джинсы,Брюки джинсовые",,,,,
Куртка женская джинсовая Lanmasku 161 ,2 100 руб.,/upload/iblock/449/4497333d2d1aabc865f4919717cf3a0e.jpg,"/upload/resize_cache/iblock/449/70_113_2/4497333d2d1aabc865f4919717cf3a0e.jpg,/upload/resize_cache/iblock/5b0/70_113_2/5b08db35aede703e56b344b0045ccb19.jpg,/upload/resize_cache/iblock/ecb/70_113_2/ecbbca3550901562e972880b3d848df2.jpg","Главная,ЖЕНСКАЯ ОДЕЖДА,Джинсы,Куртки, пиджаки и жилетки",Производитель: ,Китай,Артикул: 161,"42-44,44-46","Джинсовая куртка слегка укороченного силуэта выполнена из плотного денима. Детали: отложной воротник, застежка на болтах, два нагрудных кармана на болтах, два кармана без застежки, два внутренних накладных кармана. Джинсовая ткань: 97,5% хлопок, 2,5% полиэстер."
Куртка женская джинсовая Lanmasku 162 ,2 100 руб.,/upload/iblock/088/08801b20ceb1396599bcf40956aea494.jpg,"/upload/resize_cache/iblock/088/70_113_2/08801b20ceb1396599bcf40956aea494.jpg,/upload/resize_cache/iblock/c07/70_113_2/c077fdc92ea845bde1544b55422455f3.jpg,/upload/resize_cache/iblock/00f/70_113_2/00f811b1b3bb920a3dfd3491ea467a25.jpg","Главная,ЖЕНСКАЯ ОДЕЖДА,Джинсы,Куртки, пиджаки и жилетки",Производитель: ,Китай,Артикул: 162,"42-44,44-46","Джинсовая куртка слегка укороченного силуэта выполнена из плотного денима. Детали: отложной воротник, застежка на болтах, два нагрудных кармана на болтах, два кармана без застежки, два внутренних накладных кармана. Джинсовая ткань: 97,5% хлопок, 2,5% полиэстер."
Куртка женская джинсовая DMD D333 ,2 100 руб.,/upload/iblock/ba3/ba3f36e9b6b5ff95bc3c9c3d7d63442a.jpg,"/upload/resize_cache/iblock/ba3/70_113_2/ba3f36e9b6b5ff95bc3c9c3d7d63442a.jpg,/upload/resize_cache/iblock/dd1/70_113_2/dd18c5f7fe0b2f3fa7591457a15a26b5.jpg,/upload/resize_cache/iblock/994/70_113_2/994f6dfbb5620cb822b0bb47c45514e5.jpg","Главная,ЖЕНСКАЯ ОДЕЖДА,Джинсы,Куртки, пиджаки и жилетки",Производитель: ,Китай,Артикул: D333,"42-44,44-46,46-48,48-50,50-52","Джинсовая куртка слегка укороченного силуэта выполнена из плотного денима. Детали: отложной воротник, застежка на болтах, два нагрудных кармана на болтах, два кармана без застежки, два внутренних накладных кармана. Джинсовая ткань: 97,5% хлопок, 2,5% полиэстер."
Куртка женская джинсовая Blin Luck 9152 ,2 100 руб.,/upload/iblock/aa4/aa4793c1c1b57d21a9f230d805d14221.jpg,"/upload/resize_cache/iblock/aa4/70_113_2/aa4793c1c1b57d21a9f230d805d14221.jpg,/upload/resize_cache/iblock/22d/70_113_2/22d26fc034a671bde98c77b4eea1c9eb.jpg,/upload/resize_cache/iblock/f57/70_113_2/f57744a6ce3af8de666156f186970424.jpg","Главная,ЖЕНСКАЯ ОДЕЖДА,Джинсы,Куртки, пиджаки и жилетки",Производитель: ,Китай,Артикул: 9152,"44-46,46-48,48-50","Джинсовая куртка слегка укороченного силуэта выполнена из плотного денима. Детали: отложной воротник, застежка на болтах, два нагрудных кармана на болтах, два кармана без застежки, два внутренних накладных кармана. Джинсовая ткань: 72% хлопок, 28% полиэстер."
Куртка женская джинсовая Blin Luck 9153 ,2 100 руб.,/upload/iblock/c85/c850456749f6fa4592ed21599bc798d9.jpg,"/upload/resize_cache/iblock/c85/70_113_2/c850456749f6fa4592ed21599bc798d9.jpg,/upload/resize_cache/iblock/d6e/70_113_2/d6eca86ef9ca5472ce82fadfb2c9a499.jpg,/upload/resize_cache/iblock/895/70_113_2/895c43e72f0286f269c8b7390294924e.jpg","Главная,ЖЕНСКАЯ ОДЕЖДА,Джинсы,Куртки, пиджаки и жилетки",Производитель: ,Китай,Артикул: 9153,"42-44,44-46,46-48","Джинсовая куртка слегка укороченного силуэта выполнена из плотного денима. Детали: отложной воротник, застежка на болтах, два нагрудных кармана на болтах, два кармана без застежки, два внутренних накладных кармана. Джинсовая ткань: 72% хлопок, 28% полиэстер."
Куртка женская джинсовая Haodi HD99-278S ,1 950 руб.,/upload/iblock/501/50134186834bdc8d07fb64c2a59af3ef.jpg,"/upload/resize_cache/iblock/501/70_113_2/50134186834bdc8d07fb64c2a59af3ef.jpg,/upload/resize_cache/iblock/44e/70_113_2/44ed811eee288e9551e91a55d7d35f16.jpg,/upload/resize_cache/iblock/201/70_113_2/201853275f98d53b2be845f092d2be39.jpg","Главная,ЖЕНСКАЯ ОДЕЖДА,Джинсы,Куртки, пиджаки и жилетки",Производитель: ,Китай,Артикул: HD99-278S,"2XL,3XL,L,M,S,XL","Женская джинсовая куртка, класического покроя, с карманами. Джинсовая ткань: 98% хлопок? 2% спандекс."
Куртка женская джинсовая Haodi HD99-282S ,1 950 руб.,/upload/iblock/76f/76f407137d16711b58542f977c183f40.jpg,"/upload/resize_cache/iblock/76f/70_113_2/76f407137d16711b58542f977c183f40.jpg,/upload/resize_cache/iblock/43a/70_113_2/43ae4e43b1a59c1b3f51074b9adcd214.jpg,/upload/resize_cache/iblock/fca/70_113_2/fcaa6ce31d02fc686c76a6354825a0d9.jpg","Главная,ЖЕНСКАЯ ОДЕЖДА,Джинсы,Куртки, пиджаки и жилетки",Производитель: ,Китай,Артикул: HD99-282S,"2XL,L,S,XL","Женская джинсовая куртка, класического покроя, с карманами. Джинсовая ткань: 98% хлопок? 2% спандекс."
Куртка женская джинсовая Haodi HD99-281BS ,1 950 руб.,/upload/iblock/3fa/3fa4e3ef73cae97196ee98a07fc31905.jpg,"/upload/resize_cache/iblock/3fa/70_113_2/3fa4e3ef73cae97196ee98a07fc31905.jpg,/upload/resize_cache/iblock/771/70_113_2/771b7b3275a7e85864235c8d0a9ebc7a.jpg,/upload/resize_cache/iblock/60b/70_113_2/60bfa6eb53cb0210f954444e1d5008e3.jpg","Главная,ЖЕНСКАЯ ОДЕЖДА,Джинсы,Куртки, пиджаки и жилетки",Производитель: ,Китай,Артикул: HD99-281BS,32,"Женская джинсовая куртка, класического покроя, с карманами. Состав: 98% хлопок, 2% спандекс."
